dataset,instance_index,source_file,dimension,status,tour_cost,scaled_tour_cost,runtime_seconds,seed,error
udc,0,/workspace/project/data/ATSP_data/UDC_atsp250_128instances/ATSP_data250_n128.pt,250,ok,1.5594119914330804,1559412,0.5666764589986997,1234,
udc,1,/workspace/project/data/ATSP_data/UDC_atsp250_128instances/ATSP_data250_n128.pt,250,ok,1.7794989924841502,1779499,0.7473152260063216,1235,
udc,2,/workspace/project/data/ATSP_data/UDC_atsp250_128instances/ATSP_data250_n128.pt,250,ok,1.725423994488665,1725424,0.5701614470017375,1236,
udc,3,/workspace/project/data/ATSP_data/UDC_atsp250_128instances/ATSP_data250_n128.pt,250,ok,1.5690179964658455,1569018,0.5901314209913835,1237,
udc,4,/workspace/project/data/ATSP_data/UDC_atsp250_128instances/ATSP_data250_n128.pt,250,ok,1.5364679978152935,1536468,0.7106728600047063,1238,
udc,5,/workspace/project/data/ATSP_data/UDC_atsp250_128instances/ATSP_data250_n128.pt,250,ok,1.4720439861584964,1472044,0.5796107770001981,1239,
udc,6,/workspace/project/data/ATSP_data/UDC_atsp250_128instances/ATSP_data250_n128.pt,250,ok,1.569897990582831,1569898,0.5445726680045482,1240,
udc,7,/workspace/project/data/ATSP_data/UDC_atsp250_128instances/ATSP_data250_n128.pt,250,ok,1.652379997092794,1652380,0.67039766900416,1241,
udc,8,/workspace/project/data/ATSP_data/UDC_atsp250_128instances/ATSP_data250_n128.pt,250,ok,1.5481029919465072,1548103,0.6273599170090165,1242,
udc,9,/workspace/project/data/ATSP_data/UDC_atsp250_128instances/ATSP_data250_n128.pt,250,ok,1.4735319942019487,1473532,0.4509833729971433,1243,
udc,10,/workspace/project/data/ATSP_data/UDC_atsp250_128instances/ATSP_data250_n128.pt,250,ok,1.4612309924632427,1461231,0.4240214290039148,1244,
udc,11,/workspace/project/data/ATSP_data/UDC_atsp250_128instances/ATSP_data250_n128.pt,250,ok,1.6429389973818616,1642939,0.5620977929938817,1245,
udc,12,/workspace/project/data/ATSP_data/UDC_atsp250_128instances/ATSP_data250_n128.pt,250,ok,1.5369579978068941,1536958,0.48994658899027854,1246,
udc,13,/workspace/project/data/ATSP_data/UDC_atsp250_128instances/ATSP_data250_n128.pt,250,ok,1.537361001879617,1537361,0.4306025350088021,1247,
udc,14,/workspace/project/data/ATSP_data/UDC_atsp250_128instances/ATSP_data250_n128.pt,250,ok,1.464349997271711,1464350,0.6675027749879519,1248,
udc,15,/workspace/project/data/ATSP_data/UDC_atsp250_128instances/ATSP_data250_n128.pt,250,ok,1.54531299160044,1545313,0.6827329139923677,1249,
udc,16,/workspace/project/data/ATSP_data/UDC_atsp250_128instances/ATSP_data250_n128.pt,250,ok,1.5528439970785257,1552844,0.6833579509984702,1250,
udc,17,/workspace/project/data/ATSP_data/UDC_atsp250_128instances/ATSP_data250_n128.pt,250,ok,1.455036995390401,1455037,0.5811578360007843,1251,
udc,18,/workspace/project/data/ATSP_data/UDC_atsp250_128instances/ATSP_data250_n128.pt,250,ok,1.7095539924339391,1709554,0.7580844150070334,1252,
udc,19,/workspace/project/data/ATSP_data/UDC_atsp250_128instances/ATSP_data250_n128.pt,250,ok,1.5712799949142209,1571280,0.48267393400601577,1253,
udc,20,/workspace/project/data/ATSP_data/UDC_atsp250_128instances/ATSP_data250_n128.pt,250,ok,1.4193789960966114,1419379,0.6489344779984094,1254,
udc,21,/workspace/project/data/ATSP_data/UDC_atsp250_128instances/ATSP_data250_n128.pt,250,ok,1.5956369975388043,1595637,0.5686836100067012,1255,
udc,22,/workspace/project/data/ATSP_data/UDC_atsp250_128instances/ATSP_data250_n128.pt,250,ok,1.6573219976080509,1657322,0.4984276589966612,1256,
udc,23,/workspace/project/data/ATSP_data/UDC_atsp250_128instances/ATSP_data250_n128.pt,250,ok,1.5668179983294976,1566818,0.7439676300127758,1257,
udc,24,/workspace/project/data/ATSP_data/UDC_atsp250_128instances/ATSP_data250_n128.pt,250,ok,1.6219039944498945,1621904,0.875886193010956,1258,
udc,25,/workspace/project/data/ATSP_data/UDC_atsp250_128instances/ATSP_data250_n128.pt,250,ok,1.5689700042476034,1568970,0.6212856149941217,1259,
udc,26,/workspace/project/data/ATSP_data/UDC_atsp250_128instances/ATSP_data250_n128.pt,250,ok,1.6139940034954634,1613994,0.46080909900774714,1260,
udc,27,/workspace/project/data/ATSP_data/UDC_atsp250_128instances/ATSP_data250_n128.pt,250,ok,1.6396019996827818,1639602,0.6823243289982202,1261,
udc,28,/workspace/project/data/ATSP_data/UDC_atsp250_128instances/ATSP_data250_n128.pt,250,ok,1.6247479960020428,1624748,0.5321996029961156,1262,
udc,29,/workspace/project/data/ATSP_data/UDC_atsp250_128instances/ATSP_data250_n128.pt,250,ok,1.5852609925750585,1585261,0.6345512600091752,1263,
udc,30,/workspace/project/data/ATSP_data/UDC_atsp250_128instances/ATSP_data250_n128.pt,250,ok,1.5743219994121773,1574322,0.6738898399926256,1264,
udc,31,/workspace/project/data/ATSP_data/UDC_atsp250_128instances/ATSP_data250_n128.pt,250,ok,1.5660899934428016,1566090,0.7961418589984532,1265,
udc,32,/workspace/project/data/ATSP_data/UDC_atsp250_128instances/ATSP_data250_n128.pt,250,ok,1.6936789929270617,1693679,0.598709660989698,1266,
udc,33,/workspace/project/data/ATSP_data/UDC_atsp250_128instances/ATSP_data250_n128.pt,250,ok,1.4788419987071393,1478842,0.5657909360015765,1267,
udc,34,/workspace/project/data/ATSP_data/UDC_atsp250_128instances/ATSP_data250_n128.pt,250,ok,1.6402839984257298,1640284,0.5818234140024288,1268,
udc,35,/workspace/project/data/ATSP_data/UDC_atsp250_128instances/ATSP_data250_n128.pt,250,ok,1.5053359999255918,1505336,0.5401237960031722,1269,
udc,36,/workspace/project/data/ATSP_data/UDC_atsp250_128instances/ATSP_data250_n128.pt,250,ok,1.6968129929737188,1696813,0.789039107010467,1270,
udc,37,/workspace/project/data/ATSP_data/UDC_atsp250_128instances/ATSP_data250_n128.pt,250,ok,1.5583130002005419,1558313,0.8291317949915538,1271,
udc,38,/workspace/project/data/ATSP_data/UDC_atsp250_128instances/ATSP_data250_n128.pt,250,ok,1.5822169981179286,1582217,0.574525187999825,1272,
udc,39,/workspace/project/data/ATSP_data/UDC_atsp250_128instances/ATSP_data250_n128.pt,250,ok,1.5917869969453022,1591787,0.603046552001615,1273,
udc,40,/workspace/project/data/ATSP_data/UDC_atsp250_128instances/ATSP_data250_n128.pt,250,ok,1.6108879929488467,1610888,0.6274990969977807,1274,
udc,41,/workspace/project/data/ATSP_data/UDC_atsp250_128instances/ATSP_data250_n128.pt,250,ok,1.554471997793371,1554472,0.6725796240061754,1275,
udc,42,/workspace/project/data/ATSP_data/UDC_atsp250_128instances/ATSP_data250_n128.pt,250,ok,1.6761169923902344,1676117,0.7074850529897958,1276,
udc,43,/workspace/project/data/ATSP_data/UDC_atsp250_128instances/ATSP_data250_n128.pt,250,ok,1.4003520032729284,1400352,0.5927152409858536,1277,
udc,44,/workspace/project/data/ATSP_data/UDC_atsp250_128instances/ATSP_data250_n128.pt,250,ok,1.5622909926369175,1562291,0.5468877550010802,1278,
udc,45,/workspace/project/data/ATSP_data/UDC_atsp250_128instances/ATSP_data250_n128.pt,250,ok,1.6160660005407408,1616066,0.5163811989914393,1279,
udc,46,/workspace/project/data/ATSP_data/UDC_atsp250_128instances/ATSP_data250_n128.pt,250,ok,1.5040099955076585,1504010,0.6359743570064893,1280,
udc,47,/workspace/project/data/ATSP_data/UDC_atsp250_128instances/ATSP_data250_n128.pt,250,ok,1.52368899538169,1523689,0.43464483199932147,1281,
udc,48,/workspace/project/data/ATSP_data/UDC_atsp250_128instances/ATSP_data250_n128.pt,250,ok,1.4867730029509403,1486773,0.49031922400172334,1282,
udc,49,/workspace/project/data/ATSP_data/UDC_atsp250_128instances/ATSP_data250_n128.pt,250,ok,1.6301549960044213,1630155,0.6292004569986602,1283,
udc,50,/workspace/project/data/ATSP_data/UDC_atsp250_128instances/ATSP_data250_n128.pt,250,ok,1.5670079919145792,1567008,0.6471052870037965,1284,
udc,51,/workspace/project/data/ATSP_data/UDC_atsp250_128instances/ATSP_data250_n128.pt,250,ok,1.5570829983096246,1557083,0.6565502969897352,1285,
udc,52,/workspace/project/data/ATSP_data/UDC_atsp250_128instances/ATSP_data250_n128.pt,250,ok,1.6157819949639816,1615782,0.6950161669956287,1286,
udc,53,/workspace/project/data/ATSP_data/UDC_atsp250_128instances/ATSP_data250_n128.pt,250,ok,1.6252479976938048,1625248,0.6894620219973149,1287,
udc,54,/workspace/project/data/ATSP_data/UDC_atsp250_128instances/ATSP_data250_n128.pt,250,ok,1.4147899998242792,1414790,0.7895469029899687,1288,
udc,55,/workspace/project/data/ATSP_data/UDC_atsp250_128instances/ATSP_data250_n128.pt,250,ok,1.530974994279859,1530975,0.5367506870097714,1289,
udc,56,/workspace/project/data/ATSP_data/UDC_atsp250_128instances/ATSP_data250_n128.pt,250,ok,1.63161999379372,1631620,0.6602141699986532,1290,
udc,57,/workspace/project/data/ATSP_data/UDC_atsp250_128instances/ATSP_data250_n128.pt,250,ok,1.4449009961226693,1444901,0.48951648399815895,1291,
udc,58,/workspace/project/data/ATSP_data/UDC_atsp250_128instances/ATSP_data250_n128.pt,250,ok,1.5249399941912998,1524940,0.6351731479953742,1292,
udc,59,/workspace/project/data/ATSP_data/UDC_atsp250_128instances/ATSP_data250_n128.pt,250,ok,1.699956004441674,1699956,0.7108069820096716,1293,
udc,60,/workspace/project/data/ATSP_data/UDC_atsp250_128instances/ATSP_data250_n128.pt,250,ok,1.6200029984202047,1620003,0.6731246510025812,1294,
udc,61,/workspace/project/data/ATSP_data/UDC_atsp250_128instances/ATSP_data250_n128.pt,250,ok,1.5017499976383988,1501750,0.5675138759979745,1295,
udc,62,/workspace/project/data/ATSP_data/UDC_atsp250_128instances/ATSP_data250_n128.pt,250,ok,1.5504559923258512,1550456,0.5917453589936486,1296,
udc,63,/workspace/project/data/ATSP_data/UDC_atsp250_128instances/ATSP_data250_n128.pt,250,ok,1.5906949968357367,1590695,0.6252665710053407,1297,
